id,username,created_at,lng,lat,text
1518485993598423040,nikkiiTran_,Mon Apr 25 07:04:07 +0000 2022,-97.754724,30.323345500000002,getting cute to stay in the house&gt;&gt;&gt; https://t.co/jaip3IfsTm
1518485996421189633,Rowzshayy,Mon Apr 25 07:04:08 +0000 2022,-84.200366,39.78035800000001,I really like watching True crime/serial killer documentaries. But it just is so crazy to me that there really are‚Ä¶ https://t.co/agY99hP70D
1518485997469675520,sizzah_handz,Mon Apr 25 07:04:08 +0000 2022,-117.0226945,38.502147,get trained up Hawaii!
1518486000179240962,TjDixon24253572,Mon Apr 25 07:04:09 +0000 2022,-88.728421,34.264073499999995,"Trust, once"
1518486008869752832,blue_jeep,Mon Apr 25 07:04:11 +0000 2022,-115.135165,36.0609645,I set my alarm so that I can go grab a primo spot by the pool in the morning. Nothing better than a Monday on vacation. üòé
1518486010513997826,becklove,Mon Apr 25 07:04:11 +0000 2022,-74.563998,40.334502,@kirksreview @SmithDavidB @Anonymo68851981 @RBReich Is NOT what the founding fathers had intended.
1518486011633876992,WilliamSalmons8,Mon Apr 25 07:04:11 +0000 2022,-85.7682405,37.822244,@Letitita8 859-913-6278 suck my dick
1518486018168524800,humblemel_,Mon Apr 25 07:04:13 +0000 2022,-118.4119065,34.0207895,"I gotta admit, I‚Äôm at my best when I‚Äôm doing music"
1518486023096864769,dipalacioz,Mon Apr 25 07:04:14 +0000 2022,-118.4119065,34.0207895,I‚Äôm done with this shit.
1518486022639738880,stylesismykiwi,Mon Apr 25 07:04:14 +0000 2022,-86.441236,39.766555499999996,only Tom Felton fans understand the heart breaking PAIN https://t.co/H5wmAP6ARZ
1518486028096471041,DrGQ,Mon Apr 25 07:04:15 +0000 2022,-117.849687,34.1355205,What y'all up to?
1518486029660946432,quis__custodiet,Mon Apr 25 07:04:16 +0000 2022,-118.18974,34.00745,0703ZN960LA COUNTY OF LOS ANGELESN34.0074 W118.1897Altitude: 700ftCourse: 67¬∫Groundspeed: 114kts https://t.co/QTtq872iow
1518486030609010689,RonTekulve,Mon Apr 25 07:04:16 +0000 2022,-89.338039,31.310637,@SouthernMissBSB Can you buy the whole set somewhere? Missed the first card!
1518486038217302016,HotDogShowers,Mon Apr 25 07:04:18 +0000 2022,-118.36964499999999,34.0870095,"@gunsnrosesgirl3 Nearly half this scumbag country voted for a functional retard, I‚Äôve had enough illusions thank you very much. üëçüèª"
1518486041291853824,seangdavis,Mon Apr 25 07:04:19 +0000 2022,-79.861034,35.1704985,artists $puppet artists üñº
1518486044458504193,thebayanng,Mon Apr 25 07:04:19 +0000 2022,-100.0768885,31.1688935,Love that https://t.co/KRAU9s8Jwi
1518486052876419072,slizzywalker,Mon Apr 25 07:04:21 +0000 2022,-117.874032,33.617638,listening to the saddest alex g song (soaker (bonus track)) to balance out how happy i‚Äôve been lately
1518486058815660032,jtorange,Mon Apr 25 07:04:23 +0000 2022,-88.404845,40.1955145,@realRYNOS @JodySmithNFL Here was my ride https://t.co/W1Cx2cg0mb
1518486059700555777,skiiilor,Mon Apr 25 07:04:23 +0000 2022,-122.3306025,47.614817,Seattle mood board https://t.co/KpSBnhyQ7H
1518486063215308800,RhondaL08852964,Mon Apr 25 07:04:24 +0000 2022,-122.630908,45.536402,@bourbon_captain Happy birthday
1518486063890661376,SRHSCareers,Mon Apr 25 07:04:24 +0000 2022,-82.2542834,34.7370639,"Want to work in Simpsonville, SC? View our latest opening: https://t.co/PKeGdvGsyh #careersAtSRHS #lifeatSRHS"
1518486064909877248,A_GarciaCH,Mon Apr 25 07:04:24 +0000 2022,-157.799589,21.3199435,first time. i did NOT get carded at a bar üò≥
1518486071805300737,jamescham,Mon Apr 25 07:04:26 +0000 2022,-122.14403,37.414371,‚Äúthe tool you'd invent if you were a teacher of writing who wanted a better way to teach people to write‚Äù‚Ä¶ https://t.co/o0c5e3fl0a
1518486072644321280,_Dessira,Mon Apr 25 07:04:26 +0000 2022,-85.1700515,41.086917,period . Consider it my million random thoughts on paper üòÇ this my journal . whole time get off my page your violat‚Ä¶ https://t.co/lU0n7xksNv
1518486077471928321,EdifyCity,Mon Apr 25 07:04:27 +0000 2022,-79.3872,43.648,Good morning family. Please join today's Kingdom Advancement Prayers live via this link:https://t.co/d6LjqkFNrF @‚Ä¶ https://t.co/ovLSsMpVY0
1518486080374386690,Initial_D_Style,Mon Apr 25 07:04:28 +0000 2022,-91.40100849999999,30.937336000000002,@moodyangela @weirdlilguys Its catnip bro
1518486082484006914,bttmazboi,Mon Apr 25 07:04:28 +0000 2022,-111.931711,34.1682535,@maxkonnorxxx I‚Äôm loving you Fiddle Leaf fog and your umbrella tree. What is your favorite plant? Mine is the Philo‚Ä¶ https://t.co/XYDPhLYpVe
1518486085998985216,urfavoritebbc69,Mon Apr 25 07:04:29 +0000 2022,-96.9827885,32.958255,Cash app for the full video.#ContentCreator #cashapp #BlackTwitter #dallasbbc #dallasfreaks #hotwifeforbbc‚Ä¶ https://t.co/yR3uByqTjD
1518486087458557952,KirasAndRheasMo,Mon Apr 25 07:04:30 +0000 2022,-122.119,47.4811,"Just posted a photo @ East Renton Highlands, Washington https://t.co/Y5w7d5iavv"
1518486090272886784,JustinCone6,Mon Apr 25 07:04:30 +0000 2022,-100.0768885,31.1688935,@AkiFae_ Snorlax uses ground pound ITS SUPER EFFECTIVE
1518486093892521985,shaindelr,Mon Apr 25 07:04:31 +0000 2022,-118.8093535,45.672252,This is so well-written...
1518486096383983617,Chef_Musajo,Mon Apr 25 07:04:32 +0000 2022,-86.24472850000001,32.364145,Hxes want to fck on everything and want me to be the one to cuff em ü§¶üèΩ‚Äç‚ôÇÔ∏èü§£ crazy mfs
1518486095897395205,eBizMkts,Mon Apr 25 07:04:32 +0000 2022,-116.947883,47.718905,"UPDATE: I received the Lyft promotional difference. Yeah! After 13.5 hours on the road between 2 days, my hourly ra‚Ä¶ https://t.co/XcuYEQAZo5"
1518486104508440577,gamblerlost53,Mon Apr 25 07:04:34 +0000 2022,-97.432425,27.737151,Both are losers and traitors. Case closed....Newt Gingrich comes to Kevin McCarthy's defense ‚Äî and it blows up in h‚Ä¶ https://t.co/wEV8ccXux4
1518486108039827456,AJSdraw17,Mon Apr 25 07:04:34 +0000 2022,-119.165389,34.181956,"What are the best business ideas?? I‚Äôll take anything and everything, just trying to put it all together in my mind‚Ä¶ https://t.co/1aGeNlctdD"
1518486108421574656,BrooksDemarkest,Mon Apr 25 07:04:35 +0000 2022,-115.133373,36.24912449999999,"Jesus answered, ‚ÄúI am the way, the truth, and the life. No one comes to the Father except through me.John 14:6 CEB‚Ä¶ https://t.co/iqpZgVfvDn"
1518486109956755456,__justkeith,Mon Apr 25 07:04:35 +0000 2022,-91.0907995,30.4591,"Push TF thru, Symone!!! https://t.co/4Ldf1yFLwj"
1518486111839866880,subhoodedfreak,Mon Apr 25 07:04:35 +0000 2022,-122.2180755,47.3923115,Took a nice big load in my pussy.   Who's next.  Hit me up for the address https://t.co/5QL1qN5ziJ
1518486113962409986,frbrooks73115,Mon Apr 25 07:04:36 +0000 2022,-97.4415095,35.4497225,@jotodepicass @Alexbelmont96 I want that cock please
1518486117007437824,chrisp6690,Mon Apr 25 07:04:37 +0000 2022,-93.13874,34.50601,@haravets Agree üíØ
1518486117464645632,ClintonSopha,Mon Apr 25 07:04:37 +0000 2022,-79.2725695,43.629311,@lukhovanski @Chinacket What I would do to you
1518486119695806464,_CrownVictoria,Mon Apr 25 07:04:37 +0000 2022,-118.4119065,34.0207895,end of days for sure.
1518486119788199938,XoMaae,Mon Apr 25 07:04:37 +0000 2022,-98.15241900000001,26.3475255,everytime i see the weeknd preform i‚Äôm just in awe
1518486125475729408,Jayyy_Davis,Mon Apr 25 07:04:39 +0000 2022,-88.0255425,43.0675375,The Jamie Foxx Show was fuckin hilarious‚Ä¶
1518486132664586240,PaulDoroshenko,Mon Apr 25 07:04:40 +0000 2022,-124.807192,49.243086,@RogerJBaker Dry them then post a photo.
1518486141959245825,Afghanaveli,Mon Apr 25 07:04:43 +0000 2022,-122.3306025,47.614817,No better way to put it
1518486142626136064,bumblesnot,Mon Apr 25 07:04:43 +0000 2022,-118.5032585,34.415631,@funaek I think she must be part cat!Maybe TOK is giving her subliminal ‚Äújumping on shelving‚Äù lessons (he was also naughty tonight).üò∏üôÄüê∂
1518486149144010753,VaughnFontana,Mon Apr 25 07:04:44 +0000 2022,-110.9155735,32.1893905,On Fire Album dropping soon! Love y‚Äôall for riding out this flight with me ‚úàÔ∏è https://t.co/heluES7nj8
1518486156026949633,Silverddragn,Mon Apr 25 07:04:46 +0000 2022,-122.0238405,37.378397,@T1mco Every Saturday let‚Äôs do it
1518486156085981184,SAUCE_POOKIE,Mon Apr 25 07:04:46 +0000 2022,-96.7617535,32.819858499999995,This them booty clapping hours ü§∑üèæ‚Äç‚ôÇÔ∏è but im single this some bullshit America
1518486156144365568,annabrice,Mon Apr 25 07:04:46 +0000 2022,-111.931711,34.1682535,"@NYMetsChief Naw. The outburst was well deserved for Angel Hernandez. And in a 1-0 game, stuff like this (bad umpir‚Ä¶ https://t.co/YuIibDipEg"
1518486155607502848,ARIZONA_MILF,Mon Apr 25 07:04:46 +0000 2022,-112.12467649999999,33.5528625,Panties today on a date .... https://t.co/HXMeHAS88E
1518486157448953856,Erika_V_Alvarez,Mon Apr 25 07:04:46 +0000 2022,-95.44648649999999,29.838495,It was
1518486164511936513,mttgza,Mon Apr 25 07:04:48 +0000 2022,-122.4359785,37.7706565,@adr_215 I don‚Äôt follow.
1518486166873559040,MackMayback,Mon Apr 25 07:04:48 +0000 2022,-82.679232,28.032647500000003,@virgilabloh tell ‚ÄúTHE VOICE‚Äù in your head to do it himself. And smile as no change comes about your day. The sun w‚Ä¶ https://t.co/wCMxGDasy5
1518486169046056961,swankyaf_,Mon Apr 25 07:04:49 +0000 2022,-119.30660750000001,37.2691755,Did I just do coke at @theweeknd Coachella set? üíÄmaybe I think Abel would be proud
1518486172619526144,ThatsLudaChriss,Mon Apr 25 07:04:50 +0000 2022,-117.46269799999999,34.1081605,@guesswho012 If you don‚Äôt tell me bout ur day the fire department will have to talk me down from the roof
1518486174188417029,thecatsartist,Mon Apr 25 07:04:50 +0000 2022,-76.50780850000001,37.090301,@joshieecs @mrgrimm @zylaros My dad was in the Army in 1947. His unit was sent to keep strikers and the company peo‚Ä¶ https://t.co/dvHe87hgx3
1518486179565428737,debourbonhorto1,Mon Apr 25 07:04:51 +0000 2022,-82.7425825,27.822598499999998,@luv_2_h8_zillas International agreement
1518486180295155712,qnc_g,Mon Apr 25 07:04:52 +0000 2022,-122.2286855,37.791994,I haven't worked in a coffee shop for over a yr and I'm thing of going back parttime. I also recognize being doxxed‚Ä¶ https://t.co/CW5eVkDIOI
1518486182698438656,superdupersimp,Mon Apr 25 07:04:52 +0000 2022,-117.104989,32.810012,can‚Äôt sleep :(
1518486183918981121,qnc_g,Mon Apr 25 07:04:53 +0000 2022,-122.2286855,37.791994,"Not that it should be any different than any other time before covid tbh, techies flock to cafes. I only mention it‚Ä¶ https://t.co/EslHUoA8qX"
1518486186120998914,qnc_g,Mon Apr 25 07:04:53 +0000 2022,-122.2286855,37.791994,"Anyway I put 2 and 2 together. Won't be applying to that shop but just fyi if anyone sees me doing me, just say hi‚Ä¶ https://t.co/vaJtJQL6hY"
1518486190877335553,basedcum,Mon Apr 25 07:04:54 +0000 2022,-104.73118099999999,40.3753095,drugs https://t.co/hJgy0HgPy0
1518486198225879041,Dirk_Matter,Mon Apr 25 07:04:56 +0000 2022,-92.342322,34.721886,"Pro tip: If you plan to hike in Washington state, leave your car at home. Instead, drive to the trailhead in a vehi‚Ä¶ https://t.co/Ae4tloZijH"
1518486198737682432,eclecticmontez,Mon Apr 25 07:04:56 +0000 2022,-84.45372449999999,39.1614505,"@SimmiSweet We're having a moment, cherish this"
1518486200125960193,DOGE_MIKE_,Mon Apr 25 07:04:56 +0000 2022,-81.705467,41.495939500000006,Ugly ü§¶üèª‚Äç‚ôÇÔ∏è
1518486200235040768,AmeliaAndAdinah,Mon Apr 25 07:04:56 +0000 2022,-122.426,37.656,"Just posted a photo @ South San Francisco, California https://t.co/e1hTffyzwS"
1518486200176152576,JRArtSpace_NFT,Mon Apr 25 07:04:56 +0000 2022,-118.4119065,34.0207895,Let me pop into @0n1Force Discord to say what‚Äôs up ‚Ä¶ Well ‚Ä¶ Maybe next week üö∂‚Äç‚ôÇÔ∏è https://t.co/kmcKmoZE9C
1518486203292549122,ThaisRue,Mon Apr 25 07:04:57 +0000 2022,-117.772917,34.0654505,@BorderMeg Happy B-Day! 17 is impressive. ‚ô•Ô∏è
1518486205947695104,everyEarthquake,Mon Apr 25 07:04:58 +0000 2022,-117.6856689,35.8553352,"USGS reports a M1.02 earthquake, 22km ESE of Little Lake, CA on 4/25/22 @ 7:02:24 UTC https://t.co/nNyD2Vp9Va #earthquake"
1518486206757150720,lyfeofvintage,Mon Apr 25 07:04:58 +0000 2022,-74.066663,40.7180015,Getting head at the park is crazy smh i Been on some reckless shit lately üò≠üò≠üò≠üò≠ü§£ü§£ü§£ü§£ü§£
1518486212461285376,babbybee444,Mon Apr 25 07:04:59 +0000 2022,-122.4359785,37.7706565,If all my followers cashapp me $1 I could buy more weed rn üôàü§≠ #foodforthought ü§£ https://t.co/uh4z369TlF
1518486216613670913,mttgza,Mon Apr 25 07:05:00 +0000 2022,-122.4359785,37.7706565,@streetsblogchi @bkevenides Maybe they should pay more attention where they‚Äôre going? Right? Are they riding too fa‚Ä¶ https://t.co/dsxcAS8qBa
1518486222359851008,TinaCofield8,Mon Apr 25 07:05:02 +0000 2022,-120.882482,47.273022,@DrAseemMalhotra They can take up rock licking like me!
1518486222791798784,otxoamusic,Mon Apr 25 07:05:02 +0000 2022,-117.94788700000001,33.9248815,@BibiBourelly I‚Äôm down üî•
1518486222871699458,Jaxsonviivilian,Mon Apr 25 07:05:02 +0000 2022,-83.804475,27.698681999999998,#life2.1 let the games begin ü§ÆüíØüíØ
1518486228261244928,Grady_Booch,Mon Apr 25 07:05:03 +0000 2022,-156.6854235,20.9308165,"‚ÄúOur dataset not only contains bias, it deliberately reflects it‚ÄùLet me reframe that for you.‚ÄúThe ethical use o‚Ä¶ https://t.co/QP4DoUbQcK"
1518486229028937728,JuiceOrEsteban,Mon Apr 25 07:05:03 +0000 2022,-76.89907249999999,39.0775575,They took out the setups in the friendlies room but we still grinding
1518486229502767105,piemastersalem_,Mon Apr 25 07:05:03 +0000 2022,-118.4119065,34.0207895,oreo + peanut butter sounds good rn
1518486229829922816,Moose_PC,Mon Apr 25 07:05:03 +0000 2022,-112.12467649999999,33.5528625,@ScottNeelyAZ @RosenForAZ @KariLake @Karrin4Arizona @ZforArizona Thank you so much. I am dying without my boys. The‚Ä¶ https://t.co/AwC8t2v11L
1518486235987259393,cpconmonoz,Mon Apr 25 07:05:05 +0000 2022,-79.2725695,43.629311,"@FoxNews @JoyAnnReid, black people like Desantis better than they like you. Stfu."
1518486236842762240,TimothyLindbe12,Mon Apr 25 07:05:05 +0000 2022,-122.1505695,48.168642,@KateAustin_ Congratulations on your wedding
1518486238898106368,Jaysphotopp,Mon Apr 25 07:05:06 +0000 2022,-112.26243213,33.52746114,GOOD TIMES@arizonasupershow #goodtimes #angles #canon #azphotographer #content #photo #photography #pictures‚Ä¶ https://t.co/dNhnAoNxKL
1518486240022122496,Caveman2123,Mon Apr 25 07:05:06 +0000 2022,-71.812438,42.275760000000005,Bro im deadass up at 3AM watching #XOchella
1518486244455460864,Jesuscr66062153,Mon Apr 25 07:05:07 +0000 2022,-89.580759,36.876421,@NavalInstitute TEXT EX OR
1518486252634492928,misss_kayla,Mon Apr 25 07:05:09 +0000 2022,-96.7617535,32.819858499999995,i want a nigga to treat me like a perc. niggas love percs.
1518486263791296512,SlothOcelot,Mon Apr 25 07:05:12 +0000 2022,-100.0768885,31.1688935,holy shitJack In The Box do you really not have a Twitter!?!?
1518486269092761601,JamalJimoh,Mon Apr 25 07:05:13 +0000 2022,-118.4119065,34.0207895,was sitting in traffic earlier because of dried palm tree leaves‚Ä¶
1518486270288273408,ewilks56,Mon Apr 25 07:05:13 +0000 2022,-83.1738665,32.6782075,@lindad8271 @MarvinDunn4 Bad enough that it continues today. Some want it to be perpetual. That‚Äôs why they oppose t‚Ä¶ https://t.co/ALO07bHGiJ
1518486270921654272,ecogoth70,Mon Apr 25 07:05:13 +0000 2022,-95.44648649999999,29.838495,This neurolink network needs a adjustment yes your all in it old computer codes back doors to reshape it the mistak‚Ä¶ https://t.co/lqguPhkobD
1518486281151516673,GusGus183,Mon Apr 25 07:05:16 +0000 2022,-101.4423685,32.24493,My back kicking my ass rn omg fucking bozo had to crash the whip. Need a MF perc or chiro rn.
1518486282380488706,ODB_36,Mon Apr 25 07:05:16 +0000 2022,-79.861034,35.1704985,3am and I'm cooking grits what has life come to backing in the day I was dropping grits this time of night
1518486289527545857,36MinutesBoxing,Mon Apr 25 07:05:18 +0000 2022,-79.833837,40.477273499999995,Boxing Twitter at night need a membership fee https://t.co/bVMt45QsL1
1518486292174049280,GolfGirl528,Mon Apr 25 07:05:18 +0000 2022,-121.0018735,37.746671000000006,@PGA Can‚Äôt bit my 3 wood like I hit my other woods
1518486291700142080,destynne_irby,Mon Apr 25 07:05:18 +0000 2022,-81.2831215,28.784184,This funny bc in the comments it‚Äôs saying the women is an Aquarius and they husbands are Sagittarius and they all s‚Ä¶ https://t.co/kXFYJvYUYf
1518486292887228417,frbrooks73115,Mon Apr 25 07:05:18 +0000 2022,-97.4415095,35.4497225,@BenShines I want that cock please
1518486294111813632,Girl777Cali,Mon Apr 25 07:05:19 +0000 2022,-119.30660750000001,37.2691755,"@DrJBhattacharya It automatically ‚Äúunliked‚Äù itself.But not immediately‚Ä¶Very sneaky bastards, these Twitter lefties."
1518486294640345091,DiamantesDino,Mon Apr 25 07:05:19 +0000 2022,-80.587777,41.076550499999996,@Paula38PP Call I'm no fool
1518486295164686339,westgate55,Mon Apr 25 07:05:19 +0000 2022,-78.8954405,35.9909825,@findsexperts @BoycottLex @RetiredGlizzy Performance nonsense that feed the egos of the convinced only. What we cal‚Ä¶ https://t.co/UFeb87uSiu
1518486297282818049,TjDixon24253572,Mon Apr 25 07:05:20 +0000 2022,-88.728421,34.264073499999995,Study the Tesla code and Nazis
1518486298461364224,debourbonhorto1,Mon Apr 25 07:05:20 +0000 2022,-82.7425825,27.822598499999998,@FreddysUSA So good. I love Freddy's
1518486300340408322,ClintonSopha,Mon Apr 25 07:05:20 +0000 2022,-79.2725695,43.629311,@lukhovanski I'd give you the best orgasm in your life
1518486300042706954,staci_LB,Mon Apr 25 07:05:20 +0000 2022,-118.4119065,34.0207895,Aimee Teegarden in a promotional picture for 1 of her hallmark movies!! üíú @Aimeeteegarden!! https://t.co/kqQ3Ra2gx9
1518486301892173824,RestingThizFace,Mon Apr 25 07:05:21 +0000 2022,-116.237907,33.7446325,@therealmikedean go off king
1518486306472484864,vabernathypsyd,Mon Apr 25 07:05:22 +0000 2022,-118.3136344,34.09073173,Just posted a photo @ Los Angeles/Hollywood California https://t.co/gEhFfEL0PA
1518486311165997056,xo_mannii,Mon Apr 25 07:05:23 +0000 2022,-82.063185,33.4407175,"like i got real life sh√¨t going on , you really think i gaf about your childish ass feelings"
1518486314517159936,Htowndrew22,Mon Apr 25 07:05:24 +0000 2022,-97.78084100000001,31.1327815,@FaZeSway @marlene_olivare $Castanon22 8 months left in the military
1518486318828847104,yslenergy,Mon Apr 25 07:05:25 +0000 2022,-118.4119065,34.0207895,grateful for here and now
1518486318996631553,_MusiCricket,Mon Apr 25 07:05:25 +0000 2022,-117.104989,32.810012,"I only remember him for a 2007 T20 match vs Aus in which he hit a six in last over, England lost the match though.‚Ä¶ https://t.co/JeAyElERFq"
1518486319588122624,MaeBChloe,Mon Apr 25 07:05:25 +0000 2022,-98.5406515,29.417501,It‚Äôs so loud
1518486327590678528,MiccThirsty,Mon Apr 25 07:05:27 +0000 2022,-118.4119065,34.0207895,I shouldn‚Äôt of token that nap üòÇüò©
1518486333999755271,asmiaaaaa,Mon Apr 25 07:05:28 +0000 2022,-79.861034,35.1704985,"if u üñ§ me, cashapp me: $miaaayuh"
1518486342119870465,YoungVisionry,Mon Apr 25 07:05:30 +0000 2022,-80.8467855,35.209058999999996,Got to set the bar even higher &amp; switch gears
1518486344271425536,keepitgooch,Mon Apr 25 07:05:31 +0000 2022,-149.7587945,61.2350425,More cock üó£üó£üó£üó£  https://t.co/XwVfYhVCeX https://t.co/5Lzb9CWqmQ
1518486345236197376,bumblesnot,Mon Apr 25 07:05:31 +0000 2022,-118.5032585,34.415631,@SarahPug12 So very sorry for your loss‚Ä¶üêà‚Äç‚¨õüíîüåà
1518486345039110144,CutlessCree,Mon Apr 25 07:05:31 +0000 2022,-96.78042149999999,32.788251,Had to bless my city üåÜ last night. https://t.co/W9XbZ7lImU
1518486347270524930,johnny6oat,Mon Apr 25 07:05:31 +0000 2022,-85.639164,38.183105499999996,"@mjfadeawayyy i don‚Äôt think so , i feel like he‚Äôll only go to a contender and every contender has a PG 1 already"
1518486347266199553,hescouturex,Mon Apr 25 07:05:31 +0000 2022,-119.30660750000001,37.2691755,Wait but I‚Äôm gonna be in London on this date ‚Ä¶
1518486349233463296,MuseScry,Mon Apr 25 07:05:32 +0000 2022,-83.804475,27.698681999999998,I love bad bitches @luciusb_ üôÄhttps://t.co/O7RyUzbGbe
1518486353733894144,JustinCone6,Mon Apr 25 07:05:33 +0000 2022,-100.0768885,31.1688935,@AmiralKanaG Good night and don't let the pirates get you
1518486356556611585,USJobsCognizant,Mon Apr 25 07:05:34 +0000 2022,-96.7962528,32.7863301,"See our latest Dallas, TX job and click to apply: Data Engineer - https://t.co/SMGmkl1Opv #jobsearch #technology"
1518486358154752000,GLIZZYDOFFICIAL,Mon Apr 25 07:05:34 +0000 2022,-97.432425,27.737151,"I'm a loose screw, I ain't no nail"
1518486359232577537,jimmyfigueroa13,Mon Apr 25 07:05:34 +0000 2022,-121.8737305,37.331159,Starting heartstopper‚Ä¶ wish me luck https://t.co/wtJgTVs52P
1518486361388462080,sophiajacqueli4,Mon Apr 25 07:05:35 +0000 2022,-118.4119065,34.0207895,I floshorish in every arena
1518486366367084544,Bill38331426,Mon Apr 25 07:05:36 +0000 2022,-122.7654085,47.039416,@Yveskei2 Definitely both
1518486366920785920,macKVAL_,Mon Apr 25 07:05:36 +0000 2022,-79.2996725,43.880694500000004,VALORANT RGX 2.0 BUNDLE GIVEAWAY‚úÖ LIKE &amp; RETWEET‚úÖ TAG 2 FRIENDS‚úÖ FOLLOW @macKVAL_ and @blem_valxrl ‚ö†Ô∏è WINNER‚Ä¶ https://t.co/xFMDGG3G1R
1518486368359534600,frbrooks73115,Mon Apr 25 07:05:36 +0000 2022,-97.4415095,35.4497225,@jotodepicass @Alexbelmont96 Yes daddy please
1518486370146160641,givemeachance,Mon Apr 25 07:05:37 +0000 2022,-121.8737305,37.331159,Wordle 310 4/6‚¨ú‚¨úüü®‚¨ú‚¨ú‚¨ú‚¨úüü®‚¨úüü®‚¨ú‚¨úüü®üü®‚¨úüü©üü©üü©üü©üü©
1518486373640122368,c_jara,Mon Apr 25 07:05:38 +0000 2022,-123.1204,49.2819,Today's Daily studies #2063 &amp; #ipaddrawing 904 #pleinairapril2022 day 24. Pretty good Malaysian restaurant at North‚Ä¶ https://t.co/7CccuRUqg5
1518486373967306752,Tazmarac,Mon Apr 25 07:05:38 +0000 2022,-84.46133850000001,33.452588,"@donwinslow @SenatorHawleyMO @January6thCmte Hey everyone, let‚Äôs make Hawley look like a jackals for selling his st‚Ä¶ https://t.co/qbG90IYCzR"
1518486387690979332,trentzuberi,Mon Apr 25 07:05:41 +0000 2022,-87.732013,41.8335845,@ARoseCPE @its_rileythomas @AAWPro And there‚Äôs even more to announce!
1518486389452640258,KarinFox,Mon Apr 25 07:05:42 +0000 2022,-75.262703,40.0070085,@KeeleyFox29 @SEPTA @PhillyPolice @FOX29philly @KeeleyFox29 what about the attack at 34th and Market- the El stop at Drexel?
1518486390098612231,JackWeb53085992,Mon Apr 25 07:05:42 +0000 2022,-83.986413,35.7261815,No you never asked Trump to resign. What you said was I'm going to ask him. But you never did Chicken Liver Coward.‚Ä¶ https://t.co/gTmWFxiNOF
1518486394229960705,imaproudliberal,Mon Apr 25 07:05:43 +0000 2022,-83.804475,27.698681999999998,@anneapplebaum @freddyatton He will pretend to stick with Kevin only as long as it benefits him.  As soon as Kevin‚Ä¶ https://t.co/3vacYeKFSI
1518486394385149958,TotalTrafficGRR,Mon Apr 25 07:05:43 +0000 2022,-85.64626,42.89832,Accident in #Wyoming on 36th St at Eastern Ave SE. Reported by Police #traffic https://t.co/xxSCs7Byx1
1518486399078440960,USJobsCognizant,Mon Apr 25 07:05:44 +0000 2022,-96.7962528,32.7863301,"Join our inclusive #company culture as a Entry-level Software Engineer in Dallas, TX. https://t.co/EmLlJ0Aogx #Engineering"
1518486399409827850,MiccThirsty,Mon Apr 25 07:05:44 +0000 2022,-118.4119065,34.0207895,@Dejastylez @briiiaaana I like that song
1518486400487899137,ChellyTheMC,Mon Apr 25 07:05:44 +0000 2022,-84.433106,33.7671945,I just wanna go on Minnesota Avenue &amp; get Kim @ High Tech to arch my eyebrowsüò© somebody tell her I miss herüò≠üò≠ü•∫üíî
1518486400777486338,CAESAR_TAURA,Mon Apr 25 07:05:44 +0000 2022,-118.4119065,34.0207895,TH@t‚Äôs an N.‚Äô Too! To: KUWTK
1518486403327352832,R_ght2201,Mon Apr 25 07:05:45 +0000 2022,-88.709551,32.377719,@codenameprince Yo pretty ass
1518486406019960834,jake_takeo,Mon Apr 25 07:05:45 +0000 2022,-117.104989,32.810012,@brettsylvia001 @Alessanfru Thank you brother!! One day!! üå¥üî•
1518486407743827968,nbkiser,Mon Apr 25 07:05:46 +0000 2022,-123.123581,49.257639,@_craigreoch I would say try being a flight attendant. But then... I just quit that job after 23 years and also it‚Ä¶ https://t.co/sfQ2HJt3Dx
1518486408591134720,RileyLaquan1,Mon Apr 25 07:05:46 +0000 2022,-115.223125,36.232915,@_cuffycakes I'm single
1518486410663055361,test5geo1798,Mon Apr 25 07:05:47 +0000 2022,-122.416738,37.776796,TEST_PLACE: 8f82a355-30a8-4d0b-95cb-f5c489f3adf2
1518486418418450432,meghanitNASTY2,Mon Apr 25 07:05:48 +0000 2022,-98.319925,38.498196,if you didn't ride around listening to beez in the trap at 16 then what were you doing
1518486419760582657,lil_franchesca,Mon Apr 25 07:05:49 +0000 2022,-118.4119065,34.0207895,If I‚Äôm being honest the black community in Pasadena never made me feel welcomed there was always some fake jealousl‚Ä¶ https://t.co/LtjUv3dazk
1518486419731206144,shaindelr,Mon Apr 25 07:05:49 +0000 2022,-118.8093535,45.672252,@e_b_bobadilla @DrDrealein Please sign this petition to save my community college...https://t.co/6WQMcfVltc Thank you!
1518486424814866436,Graycieanne,Mon Apr 25 07:05:50 +0000 2022,-95.31703999999999,32.315661500000004,"I don‚Äôt remember this happening, but I‚Äôm so glad I have this video https://t.co/RWtWH8Gm0z"
1518486427989803008,SaulAlejandr00,Mon Apr 25 07:05:51 +0000 2022,-122.2286855,37.791994,I love these clips of Madison Rayne https://t.co/BXf3bozMgI
1518486435111706626,dewansandy,Mon Apr 25 07:05:52 +0000 2022,-119.30660750000001,37.2691755,The 3 losers planningü§£ü§£ü§£#LockUpp #MunawarKiJanta #Munawar #anjaliarora #KaranKundrra
1518486436047212544,TPIndex,Mon Apr 25 07:05:53 +0000 2022,-76.9959,39.5753,51¬∫F and Partly Cloudy. What did you expect? #WestminsterMD #mdWX
1518486441411686400,JhdJane,Mon Apr 25 07:05:54 +0000 2022,-72.54558449999999,42.1130625,Oh no bye twitter.Hopefully we can develope a good alternative ..
1518486441789210624,Deniselonestar1,Mon Apr 25 07:05:54 +0000 2022,-89.5694915,44.900818,Somewhat dressed up and nowhere to go or do https://t.co/iSbkBTJ7Ki
1518486442841837573,vonhowland,Mon Apr 25 07:05:54 +0000 2022,-121.311582,44.059938,@CalDisasters I don‚Äôt believe the false flag talk to crucial of a target‚Ä¶.
1518486444330741760,MHEvansGreen14,Mon Apr 25 07:05:55 +0000 2022,-118.4119065,34.0207895,"Good start but think it should be closer, at least now."
1518486445589241856,Lucifersmith420,Mon Apr 25 07:05:55 +0000 2022,-77.101999,38.8808445,"@legalizefreedem @JohnStrangerUSA @FrontlineFlash You called? Oh you said Christ, not Crust"
1518486448088961024,RayAllDayBro,Mon Apr 25 07:05:55 +0000 2022,-96.7617535,32.819858499999995,"I hate a lot of people, respectfully."
1518486450064482304,RonTekulve,Mon Apr 25 07:05:56 +0000 2022,-89.338039,31.310637,@SouthernMissBSB Can you buy the Complete set anywhere!
1518486450970320896,lekelvin,Mon Apr 25 07:05:56 +0000 2022,-118.4119065,34.0207895,@sonyanicolee_ Exactly.
1518486450714546176,roadRunner10x10,Mon Apr 25 07:05:56 +0000 2022,-122.29648850000001,47.442583,You help me with herüçÜüçë‚Ä¶ I help her with you üçÜüëÖ. It could all be so SIMPLE. DM OPEN. https://t.co/UIR3NYnE4r
1518486453755551744,angelica007006,Mon Apr 25 07:05:57 +0000 2022,-80.11290349999999,26.533486,@SoxandD Happy Monday gorgeous sweeties
1518486453831204869,uwustevie69,Mon Apr 25 07:05:57 +0000 2022,-85.666191,43.05441999999999,lack of hygiene when ur incredibly depressed is something that's not talked about enough i didn't even notice how‚Ä¶ https://t.co/jnyKySwAJf
1518486454774775811,vgdavillain,Mon Apr 25 07:05:57 +0000 2022,-81.873955,34.471602000000004,I Been knocked tf out üò¥üò¥üò¥‚ÄºÔ∏è‚ÄºÔ∏èüòÇüòÇ
1518486471346249728,pdxpolicelog,Mon Apr 25 07:06:01 +0000 2022,-122.572317,45.480943,"SUSPICIOUS SUBJ, VEH, OR CIRCUMSTANCE at SE 88TH AVE / SE FOSTER RD, PORT [Portland Police #PP22000109078] 23:56 #pdx911"
1518486473925877760,Swisher_Smitts,Mon Apr 25 07:06:02 +0000 2022,-82.6694675,40.365159500000004,I am the way I am idgaf what you gotta say about me if you love me you love me if you don‚Äôt you don‚Äôt flat
1518486480339054592,itsjoebro14,Mon Apr 25 07:06:03 +0000 2022,-85.4915405,32.597245,Holding the left hand while placing my right hand around his throat ü•π
1518486481760792576,TinaCofield8,Mon Apr 25 07:06:04 +0000 2022,-120.882482,47.273022,@Flowanderer @DrAseemMalhotra Truth
1518486482381590528,koolkiidchev,Mon Apr 25 07:06:04 +0000 2022,-73.9685415,40.780709,@DoorDash is really trash now SMFH. How ya get my order wrong &amp; then tell me ya not gonna refund or redeliver ü§¨ nah what
1518486483690147840,braindeaddogs,Mon Apr 25 07:06:04 +0000 2022,-111.8808735,33.282450499999996,LMFAOOOOOOO i just realized dude stole his beats i‚Äôm fucking cryin
1518486485455962112,mtorressports,Mon Apr 25 07:06:04 +0000 2022,-123.1224015,44.065621,Jayden Wayne was impressed by the atmosphere at Autzen Stadium during his Oregon visit: ‚ÄúIt was crazy they had 42‚Ä¶ https://t.co/9iINEw1Vab
1518486487834238977,Hutchman3175,Mon Apr 25 07:06:05 +0000 2022,-73.9685415,40.780709,"@moneywisecom Before anybody opens the article, I have all 10 places for you starting here: https://t.co/Ad9uXzfExf"
1518486493005762560,Ochotexto19,Mon Apr 25 07:06:06 +0000 2022,-79.9806895,40.431388999999996,@thehill @GOPLeader Cue the tape. Liar
1518486493861400576,unicornpoostain,Mon Apr 25 07:06:06 +0000 2022,-80.0317945,39.152672,Tik Tok heals me in ways I didn‚Äôt know I could be healed by simple people saying simple phrases that make things seem not so overwhelming.
1518486493924413441,cp_619,Mon Apr 25 07:06:06 +0000 2022,-96.347781,30.6658585,@DylanCSimmons literally u
1518486493915873280,lilly_oco,Mon Apr 25 07:06:06 +0000 2022,-121.79644400000001,37.9856605,"stalking my page, bitch probably wanna scissorrrrrrr ‚úÇÔ∏èü§≠"
1518486496394629120,msbishop,Mon Apr 25 07:06:07 +0000 2022,-112.12467649999999,33.5528625,@JaimeCGarcia13 Maybe if I have energy I will bring my baklava to denver in two weeks
1518486497413898241,turbojerko,Mon Apr 25 07:06:07 +0000 2022,-122.75596949999999,49.251452,@FoogInc @PesoRazon @theserfstv Omg should i edit your last response? Because there are a few errors üò¨
1518486498567282688,zeusisblack,Mon Apr 25 07:06:08 +0000 2022,-117.0226945,38.502147,@yeaaahnicolle Corny activity
1518486500530343936,irie_xo,Mon Apr 25 07:06:08 +0000 2022,-97.754724,30.323345500000002,i just hope he doesn‚Äôt decide to make his grand entrance on mother‚Äôs day‚Ä¶ lol cause then that day will not be about‚Ä¶ https://t.co/mAAKFpxWaV
1518486501616758785,Ronaldlee__,Mon Apr 25 07:06:08 +0000 2022,-78.657837,35.8439815,Ppl always seem too amaze me by doing some bullshit
1518486504019939328,alxocity,Mon Apr 25 07:06:09 +0000 2022,-122.630908,45.536402,Must watch @UsmanPatel_ https://t.co/FED1eL6iTO
1518486506045800449,juleniii,Mon Apr 25 07:06:09 +0000 2022,-118.4119065,34.0207895,y‚Äôall should like add me on Insta :)) @julenii ü´∂üèª
1518486506624720896,BledsoeShawnee,Mon Apr 25 07:06:09 +0000 2022,-88.838595,35.644324999999995,@Colten_Lambo Lol no.
1518486507337650176,NicoleSciarra,Mon Apr 25 07:06:10 +0000 2022,-117.849687,34.1355205,This is so true! Now can I get an extra order of French fries please! Lol
1518486511930462208,dunni_gold,Mon Apr 25 07:06:11 +0000 2022,-84.433106,33.7671945,I might subscribe to this lady‚Äôs patron. Damn
1518486522139271170,liizzmarie,Mon Apr 25 07:06:13 +0000 2022,-118.4119065,34.0207895,@julissavortega RIGHT !! That‚Äôs what I‚Äôm saying
1518486530104434689,cp_619,Mon Apr 25 07:06:15 +0000 2022,-96.347781,30.6658585,@misanthropicpng literally u ur hot
1518486530670485504,jake_takeo,Mon Apr 25 07:06:15 +0000 2022,-117.104989,32.810012,@TonysDeli_ @Alessanfru That means a ton my dude ü§ú I really appreciate you ‚ù§Ô∏è‚Äçüî•
1518486530767179777,NoCapping77,Mon Apr 25 07:06:15 +0000 2022,-100.0768885,31.1688935,Up and active went to sleep early now I'm up like it's early lol......what's popping with the sneaky linkz #HoustonBBC #Houstonmeetup
1518486530746044416,it_me_burns,Mon Apr 25 07:06:15 +0000 2022,-118.4119065,34.0207895,what‚Äôs the consensus on Anna delvey right now? I think I might love her
1518486542385360896,SeriousEd777,Mon Apr 25 07:06:18 +0000 2022,-80.926628,33.6311395,@NatalieSpark9 Good enough to eat.
1518486542599307267,ClintonSopha,Mon Apr 25 07:06:18 +0000 2022,-79.2725695,43.629311,@Jakethesnake008 What I would do to that you got no idea
1518486543526023168,ily12305,Mon Apr 25 07:06:18 +0000 2022,-119.7824645,36.786041999999995,I hate getting that sudden burst of energy when it‚Äôs time to sleep cause all I wanna do is clean
1518486543970836480,CappadoniaE,Mon Apr 25 07:06:18 +0000 2022,-77.60468399999999,41.1179365,@BillKristol @RadioFreeTom For f*cks sake FIGHT BACK?
1518486556188680192,MrKaRon4x,Mon Apr 25 07:06:21 +0000 2022,-115.223125,36.232915,@b_chip05 Omg that‚Äôs my favorite üò≠üëèüèΩPrisoner of Azkaban üò≠üò≠üò≠üò≠ I watch it like I never seen it before ü•≤üíôü•Åüçøü•§ lol DONT JUDGE ME
1518486558654959617,BradleyBushne15,Mon Apr 25 07:06:22 +0000 2022,-111.7375655,33.4057545,"@POTUS Commander in Chief Sir, This is Bradley D Bushnell.I have a friend of mine applying for The CIA if He does‚Ä¶ https://t.co/CyO3OA5vqz"
1518486563583320065,JustinCone6,Mon Apr 25 07:06:23 +0000 2022,-100.0768885,31.1688935,@CarbonatedJem She just wants a hug that's all
1518486568553570304,barlestherunner,Mon Apr 25 07:06:24 +0000 2022,-89.87644900000001,32.571032,If they wanted too they would and I‚Äôm really starting to stand on that‚ÄºÔ∏è
1518486569711247360,TGHRobertHanes,Mon Apr 25 07:06:24 +0000 2022,-95.44648649999999,29.838495,May not be a better person in this esports world and seeing Nick succeed is an absolutely amazing thing  üôå
1518486577428660224,GlennHolmesLA,Mon Apr 25 07:06:26 +0000 2022,-118.4119065,34.0207895,"@MIGHTYMaxBOXING can‚Äôt argue with what he‚Äôs won, no idea why people giving him stick, what more you want him to do?"
1518486586874372097,seangdavis,Mon Apr 25 07:06:29 +0000 2022,-79.861034,35.1704985,oops i meant artists‚Äô support artists üë©üèΩ‚Äçüé®@SheLeadsNFT + @LaurentinaNft (late spring) üå∏ uhhh @dannycoleee &lt;- creat‚Ä¶ https://t.co/TZvmUnGxgm
1518486587620794370,mttgza,Mon Apr 25 07:06:29 +0000 2022,-122.4359785,37.7706565,@BrandonLBradfor @motorisms You know that Hyperloop operates in near vaccum tubes right? The whole system has to be airtight.
1518486589940240384,webbmw17,Mon Apr 25 07:06:29 +0000 2022,-151.24794550000001,60.565453500000004,@LinaBeccherini Hey Buddy. Looking good
1518486590263373825,SportsPrincess,Mon Apr 25 07:06:29 +0000 2022,-96.8320095,32.959787500000004,@jilevin I can vouch the Texans are truthful. Jodi ‚ÄúRapekits‚Äù Laubenberg was the Texas chair for @ALEC_states when‚Ä¶ https://t.co/b8pJd3DCIP
1518486592675065857,PerfectiousI,Mon Apr 25 07:06:30 +0000 2022,-84.433106,33.7671945,@YaNiggasAintMe Prove it. Lol
1518486593551564801,ssurpreme,Mon Apr 25 07:06:30 +0000 2022,-117.60378299999999,34.0451585,Been listening to Surf Curse inner wave &amp; the drums a lot recently
1518486599666872320,yunyeye,Mon Apr 25 07:06:32 +0000 2022,-121.8737305,37.331159,@kaiiwest @0xchrxme @0xchrxme @kaiiwest ahh you mean I can have more than 1. Ok listen to you  üòÇüòÇüòÇüòÇ
1518486605249585153,SuepTime,Mon Apr 25 07:06:33 +0000 2022,-73.9487755,40.655138,League of Legends is making me cry again. Why. Why. I‚Äôm so sad
1518486608672182274,ChellyTheMC,Mon Apr 25 07:06:34 +0000 2022,-84.433106,33.7671945,These people out here do not know how to arch eyebrowsüò≠üò≠üò≠ they not bout to fuck me up again
1518486609049620481,Badant24,Mon Apr 25 07:06:34 +0000 2022,-75.117998,40.0048655,Anytime a bro or sis ask me for books I automatically grab it for em üíØ. It‚Äôs essential in regards to the correct be‚Ä¶ https://t.co/orLzRz4SFi
1518486608454029312,Brendas_S14,Mon Apr 25 07:06:34 +0000 2022,-96.621634,32.907642,@Hyatt I think you need to still have employee clean rooms since COVID is not over. As a guest I shouldn‚Äôt need too‚Ä¶ https://t.co/5nOnbfFjdz
1518486610920103936,Afghanaveli,Mon Apr 25 07:06:34 +0000 2022,-122.3306025,47.614817,@oscos Skyler grey
1518486610852995075,DBenavides808,Mon Apr 25 07:06:34 +0000 2022,-157.799589,21.3199435,We've been wanting #UFCHawaii here at Aloha Stadium since 2018 when Max became FW champion.Went to the 3 Bellator‚Ä¶ https://t.co/DhinsAkmT3
1518486615324196864,SFGiantsGrl2255,Mon Apr 25 07:06:35 +0000 2022,-119.827182,39.512436,Not what I expected to see when I went out my front door at almost 12 at night! Street full of cops and a guy in ha‚Ä¶ https://t.co/Lblaar0byJ
1518486616494411776,SFGiantsGrl2255,Mon Apr 25 07:06:36 +0000 2022,-119.827182,39.512436,Scary I heard none of this going on. Woodson didn‚Äôt either or he would have lost his shit! Guess I‚Äôm not sleeping tonight!
1518486617446514688,EastsideTY3,Mon Apr 25 07:06:36 +0000 2022,-117.3630675,34.531222,Shout out to all tha bitches that broke Abel Tesfayes heart. #TheWeeknd #Coachella2022
1518486621024178176,melanymrti,Mon Apr 25 07:06:37 +0000 2022,-118.4119065,34.0207895,what a day üò©
1518486624073510913,asktatia,Mon Apr 25 07:06:37 +0000 2022,-117.397616,33.935822,"""Kris Jenner Is Facing Backlash For Being Rude To Her Driver, And Even Khlo√© Had To Correct Her""  https://t.co/uk4iFnBCpQ"
1518486624304205825,NoStemsAllowed,Mon Apr 25 07:06:38 +0000 2022,-122.770073,45.376468,Shout out to the randoms on cod that I have to carry in my satchel.
1518486624832831488,ZackLave,Mon Apr 25 07:06:38 +0000 2022,-95.399776,37.932128,I‚Äôm a freshman from Allen Community College I went to @pittstate I jump a 6‚Äô8 to qualify for national. @BRENAUTF‚Ä¶ https://t.co/bTckv1ZIbi
1518486626992750592,AlpineLakes,Mon Apr 25 07:06:38 +0000 2022,-120.882482,47.273022,@JimboFeenstra @noondlyt That's counterintuitive.
1518486630864203776,panthersquad,Mon Apr 25 07:06:39 +0000 2022,-100.0768885,31.1688935,"@davidhogg111, we welcome you to the party that actually wants your small business to succeed. https://t.co/QIrzYIDaEc"
1518486633871552512,kay_woww,Mon Apr 25 07:06:40 +0000 2022,-85.7223455,38.195555,3am..the rest of the world is sleep..I'm getting baked and watching Hoarders.
1518486634492219392,MegaQuack24,Mon Apr 25 07:06:40 +0000 2022,-81.5473325,28.480711999999997,"@Check_It_OutSB @Disney @WaltDisneyWorld And there are FOUR theme parks here in WDW. 2 water parks, and over 25 hot‚Ä¶ https://t.co/8cGQb2Vs72"
1518486634592804864,MikeDaLGND,Mon Apr 25 07:06:40 +0000 2022,-111.54702900000001,39.499762000000004,"@CalifCitizen @glenntaylor1958 @arlemiss @PixarsLightyear @Disney Okay, so why would it matter so much if a man men‚Ä¶ https://t.co/brjdFOppW2"
1518486635444248576,surfandturfweho,Mon Apr 25 07:06:40 +0000 2022,-118.4119065,34.0207895,Drip Drip üí¶https://t.co/gJ8Dcjfhe3 https://t.co/kmzLVMdR1l
1518486640175591424,xo_mannii,Mon Apr 25 07:06:41 +0000 2022,-82.063185,33.4407175,"every blue moon , don‚Äôt judge me ü´§"
1518486639508566016,dolari,Mon Apr 25 07:06:41 +0000 2022,-121.966606,47.7363335,This Week's Meals (3/3): Mom's Carne Guisada https://t.co/Z2RPmPSDUa
1518486642184568832,CONTEMPRA_INN,Mon Apr 25 07:06:42 +0000 2022,-90.239517,30.008285,Such a Lovely Springtime Scene in Japan Tree Blossoms Flowers #mondaythoughts üå∏üå∏üíêüé¨ https://t.co/5hqqv15EqA‚Ä¶ https://t.co/1vJHj8Wulz
1518486640611631106,RamonYuan1,Mon Apr 25 07:06:41 +0000 2022,-75.77004099999999,42.746617,2in1 Bluetooth speaker with TWS Earbuds.#earphone#vgoodhelper#earphonemaker#wirlessearphones#wirelessearbuds‚Ä¶ https://t.co/oaONmyXbb8
1518486645368139777,arbyannalewis,Mon Apr 25 07:06:43 +0000 2022,-90.1580165,32.230987,So much change in one year omg.
1518486650296307712,dtorresss14,Mon Apr 25 07:06:44 +0000 2022,-119.30660750000001,37.2691755,these margaritas at the casino hit different
1518486653773529088,prettynaughtyfx,Mon Apr 25 07:06:45 +0000 2022,-83.804475,27.698681999999998,Then ghetto movies on #tubitv be the best lol
1518486653966368774,511NY,Mon Apr 25 07:06:45 +0000 2022,-73.94546,40.740901,Cleared: Incident on #I495 WB at Greenpoint Avenue
1518486655132442625,511NY,Mon Apr 25 07:06:45 +0000 2022,-73.94464,40.844313,Closure on #RiversideDrive NB at George Washington Bridge  https://t.co/bPxLqLKr1I
1518486655858098180,JonMikol2,Mon Apr 25 07:06:45 +0000 2022,-88.028373,42.056222500000004,@Carl_eth_NFT 3Ke1eWfDRTUeBsisYqsucM4gDTz3YoudZk .blessings if i get it or not thanks
1518486661289877504,say_ques,Mon Apr 25 07:06:46 +0000 2022,-95.44648649999999,29.838495,@507erinn @kamthatgoat @jrbmode @vibeforvids It is
1518486662715650049,jake_takeo,Mon Apr 25 07:06:47 +0000 2022,-117.104989,32.810012,@0x9049 Gm my friend!! üôå
1518486664066179073,hhawk,Mon Apr 25 07:06:47 +0000 2022,-119.636189,36.830799,FB dynamic creative ads.. isolated by country. Tested against historical winning creative.
1518486671762722816,kaindoge,Mon Apr 25 07:06:49 +0000 2022,-117.1103725,33.595946,may or may not have been a bit over leveled for radahn but gg ez get one tried
1518486673574690816,SacTownBarnbaum,Mon Apr 25 07:06:49 +0000 2022,-121.469664,38.561722,"@ggerould I saw tweets on my timeline from the @DallasStars that thanked the @SanJoseSharks for the win, which I ha‚Ä¶ https://t.co/HpXg4w6RKS"
1518486676300988416,TomKemp00,Mon Apr 25 07:06:50 +0000 2022,-122.1746685,37.4619215,Wordle 310 6/6üü®‚¨úüü®üü®‚¨ú‚¨ú‚¨ú‚¨ú‚¨ú‚¨ú‚¨ú‚¨ú‚¨ú‚¨ú‚¨ú‚¨úüü®‚¨ú‚¨ú‚¨ú‚¨úüü®üü®üü©‚¨úüü©üü©üü©üü©üü©
1518486680335962112,droel666,Mon Apr 25 07:06:51 +0000 2022,-97.754724,30.323345500000002,@luckylulac This shouldn't be as funny as it is but I'm still laughing ü§£
1518486681372004353,destynne_irby,Mon Apr 25 07:06:51 +0000 2022,-81.2831215,28.784184,Absolutely ‚ú®NOT‚ú®
1518486684932841473,VictorAzanedo,Mon Apr 25 07:06:52 +0000 2022,-118.4119065,34.0207895,@jawshv Thank you dodgers stadium smh
1518486686690283520,Jonatha32656850,Mon Apr 25 07:06:52 +0000 2022,-117.874032,33.617638,@FoxNews Absolutely nothing https://t.co/NiaHVQaQLC
1518486685306171392,herr_lifestyle_,Mon Apr 25 07:06:52 +0000 2022,-123.123581,49.257639,I know pressure makes diamonds but too much pressure can break an item .. Let things happen naturally ‚Ä¶‚Ä¶ https://t.co/8H6SX1wW22
1518486689139904512,jtorange,Mon Apr 25 07:06:53 +0000 2022,-88.404845,40.1955145,@NotoriousFNTSY I feel like he is going old school w T Hill and going to let him do everything. I believe!!!
1518486689986973696,julia_janee,Mon Apr 25 07:06:53 +0000 2022,-118.4119065,34.0207895,forever jealous that iowa got bizzle &amp; i didn‚Äôt üòû
1518486692847656962,legz2sexy,Mon Apr 25 07:06:54 +0000 2022,-96.60672550000001,32.719393,About to get my body done ! I‚Äôm about to be really lit this summer !
1518486693208158209,nobe6i,Mon Apr 25 07:06:54 +0000 2022,-122.2286855,37.791994,This idea of Metaverse is a really bad idea. Who came up with the concept? Do you want to become data about data? H‚Ä¶ https://t.co/wm7hbBKKdx
1518486696169394176,SBTN_2,Mon Apr 25 07:06:55 +0000 2022,-119.02516299999999,35.3469015,@Gilly_805 I tried taking off from a stop full throttle and damn near hit the dude to the left of me üò≥üò≥üò≥
1518486703979257856,tourdefranz,Mon Apr 25 07:06:57 +0000 2022,-96.053431,41.275721000000004,"Quit my job, who wants to see me stream? 1 like = 1 affirmation that I'm worth happiness"
1518486706781048833,dalton_higgs,Mon Apr 25 07:06:57 +0000 2022,-88.54868,39.113645500000004,I'm raising $200 until 05/18/2022 for start up. Can you help? https://t.co/trlJShGa1a https://t.co/hNRKsw6B3V
1518486708400054272,seangdavis,Mon Apr 25 07:06:58 +0000 2022,-79.861034,35.1704985,what a üêá üï≥
1518486709708730368,AaronTLatimer,Mon Apr 25 07:06:58 +0000 2022,-84.00574800000001,43.462763499999994,Listening to In the Mood (Single Version) by Tyrone Davis on @PandoraMusichttps://t.co/iaxeOT5rc1 https://t.co/XWJzLfd60v
1518486711436783617,JemilaEA,Mon Apr 25 07:06:58 +0000 2022,-122.821,49.1364,"Just posted a photo @ Surrey, British Columbia https://t.co/16IQ4gaIXp"
1518486712430698497,mttgza,Mon Apr 25 07:06:59 +0000 2022,-122.4359785,37.7706565,@BrandonLBradfor @adr_215 Hyperloop is not a subway.
1518486715064745984,jimmyfigueroa13,Mon Apr 25 07:06:59 +0000 2022,-121.8737305,37.331159,"Roommate is going to sleep, living room is occupied with that dumbass kickback‚Ä¶ I still need to eat dinner and fold‚Ä¶ https://t.co/tAIaMKccWo"
1518486719477301249,BrandoHb23,Mon Apr 25 07:07:00 +0000 2022,-101.220857,26.878203499999998,El Warm
1518486722744668160,Gucc_Got_You,Mon Apr 25 07:07:01 +0000 2022,-73.829384,40.912499,@MarkLanzi14 @Hoopnationdave You could say that again
1518486723046559745,bleachwaterr,Mon Apr 25 07:07:01 +0000 2022,-97.754724,30.323345500000002,Mfs wanna judge me for how I get my breadü§£
1518486725202526208,Ronaldlee__,Mon Apr 25 07:07:02 +0000 2022,-78.657837,35.8439815,City of Gods üôèüèΩ
1518486731737161728,_GirlFromAtl,Mon Apr 25 07:07:03 +0000 2022,-95.44648649999999,29.838495,I still can‚Äôt believe that shit really happened. Disturbing as fuck.
1518486736011202561,Graycieanne,Mon Apr 25 07:07:04 +0000 2022,-95.31703999999999,32.315661500000004,happy girl https://t.co/iNH4L6SVwc
1518486742764032000,debourbonhorto1,Mon Apr 25 07:07:06 +0000 2022,-82.7425825,27.822598499999998,@mentalcasemama Can't I have all?
1518486752452923393,TheMonikaNemeth,Mon Apr 25 07:07:08 +0000 2022,-77.0143985,38.898602999999994,@TheTweetOfRhea Not really sure though I‚Äôm certain that I won‚Äôt be around to see whatever it is.
1518486752696180736,Gil_Bashe,Mon Apr 25 07:07:08 +0000 2022,-74.363031,40.5415725,The Medika Life 50 ‚Äì The Most Influential Voices in Healthcare for¬†2022 - #Medika50 #patientengagement #lifescience‚Ä¶ https://t.co/iiCYZ4nXSg
1518486769238298624,richgonzalez_,Mon Apr 25 07:07:12 +0000 2022,-118.4119065,34.0207895,I got high by watching this clip üò≥
1518486772094754816,TyKinney12,Mon Apr 25 07:07:13 +0000 2022,-78.487448,38.0400365,80 DEGREES  #Coachella https://t.co/zJdSbW7PsM
1518486783767756800,sprudo,Mon Apr 25 07:07:16 +0000 2022,-90.383549,38.520503500000004,@Torcho We saw it yesterday when it was 2 tents.
1518486786267303937,jbell9698,Mon Apr 25 07:07:16 +0000 2022,-95.5472695,30.7060885,RQQ TO MY MF TAILüê∂ü´±üèæ‚Äçü´≤üèΩ
1518486789455028224,xo_mannii,Mon Apr 25 07:07:17 +0000 2022,-82.063185,33.4407175,i‚Äôm so glad my managers know this .. i‚Äôm that one employee that don‚Äôt think before she‚Äôs speak
1518486791967236096,roseslee69,Mon Apr 25 07:07:17 +0000 2022,-120.31017800000001,37.999404,"@Facebook Apparently your so-called fact checkers CAN'T READ!!!! You DO see where it says ""if you feel the need to‚Ä¶ https://t.co/okdEynDyjH"
1518486799923916800,b_fuunk,Mon Apr 25 07:07:19 +0000 2022,-120.58340150000001,44.1454365,"She‚Äôs used to million dollar vacations, fk yall gone do with that???"
1518486800897130496,Skinniemoneyma2,Mon Apr 25 07:07:20 +0000 2022,-73.9487755,40.655138,@dominiquechinn This nice
1518486800985051136,MADKIMBRO,Mon Apr 25 07:07:20 +0000 2022,-115.172684,36.112245,Feeling SPORTY!? Vegas is! üèü@NFLDraft Week starts #NOW! üèà üôåüèΩ üì£ @Vegas @CityOfLasVegas @Bellagio @ClarkCountyNV #8NN‚Ä¶ https://t.co/SqnNkJwNLh
1518486803946254338,BrianEBee,Mon Apr 25 07:07:20 +0000 2022,-119.30660750000001,37.2691755,That‚Äôs a wrap on Chelly 2022 ‚ú®üå¥üéá #Coachella2022 https://t.co/WVlqRCU2dL
1518486805573771264,ablalvarado,Mon Apr 25 07:07:21 +0000 2022,-97.9351915,29.8956065,Damn half price Books in sm is closing :/
1518486807310086145,vigil_pauline,Mon Apr 25 07:07:21 +0000 2022,-111.931711,34.1682535,Yes you've got to be who you really are A Big F
1518486808178216960,BrendaOArt1,Mon Apr 25 07:07:21 +0000 2022,-118.3972225,33.864836499999996,@charmsblowpop I'm just getting off period when the deal is reached.  Enough of this BS already.  What will you do when Elon Buys Twitter?
1518486810824830977,janinthecut,Mon Apr 25 07:07:22 +0000 2022,-121.83373,39.747037,it‚Äôs a good laugh when I start laughing like a spray bottle
1518486820324970496,jake_takeo,Mon Apr 25 07:07:24 +0000 2022,-117.104989,32.810012,@alister_mori @Cryptojuiced @bychiaraalexa Haha I was gonna say the same thing üíô
1518486822048997377,GrinchsUnicorn,Mon Apr 25 07:07:25 +0000 2022,-118.254265,33.82126,"I'm at CUSTOM GOODS LLC in Carson, CA https://t.co/1VpohHnThl"
1518486829292474369,thickCocobooty,Mon Apr 25 07:07:26 +0000 2022,-78.8954405,35.9909825,Mood üòõüçëüòú
